{
   "initial_position": {
      "x": [
         10.0,
         8.412535328311812,
         4.154150130018865,
         -1.4231483827328502,
         -6.54860733945285,
         -9.594929736144973,
         -9.594929736144975,
         -6.548607339452852,
         -1.4231483827328524,
         4.15415013001886,
         8.412535328311812
      ],
      "y": [
         0.0,
         5.406408174555976,
         9.096319953545184,
         9.898214418809328,
         7.5574957435425825,
         2.817325568414297,
         -2.8173255684142937,
         -7.557495743542582,
         -9.898214418809326,
         -9.096319953545185,
         -5.406408174555974
      ],
      "yaw": [
         3.141592653589793,
         3.7127913178788465,
         4.2839899821679,
         4.855188646456953,
         5.426387310746007,
         5.99758597503506,
         6.568784639324113,
         7.139983303613166,
         7.7111819679022195,
         8.282380632191273,
         8.853579296480326
      ],
      "v": [
         0.0,
         0.0,
         0.0,
         0.0,
         0.0,
         0.0,
         0.0,
         0.0,
         0.0,
         0.0,
         0.0
      ]
   },
   "trajectories": {
      "0": [
         [
            8.412535328311812,
            -5.406408174555974
         ]
      ],
      "1": [
         [
            -1.4231483827328502,
            9.898214418809328
         ]
      ],
      "2": [
         [
            -6.54860733945285,
            7.5574957435425825
         ]
      ],
      "3": [
         [
            10.0,
            0.0
         ]
      ],
      "4": [
         [
            -9.594929736144973,
            2.817325568414297
         ]
      ],
      "5": [
         [
            -6.548607339452852,
            -7.557495743542582
         ]
      ],
      "6": [
         [
            8.412535328311812,
            5.406408174555976
         ]
      ],
      "7": [
         [
            -9.594929736144975,
            -2.8173255684142937
         ]
      ],
      "8": [
         [
            4.15415013001886,
            -9.096319953545185
         ]
      ],
      "9": [
         [
            -1.4231483827328524,
            -9.898214418809326
         ]
      ],
      "10": [
         [
            4.154150130018865,
            9.096319953545184
         ]
      ]
   },
   "robot_num": 11
}