{
   "initial_position": {
      "x": [
         10.0,
         6.2348980185873355,
         -2.2252093395631434,
         -9.00968867902419,
         -9.009688679024192,
         -2.225209339563146,
         6.234898018587334
      ],
      "y": [
         0.0,
         7.818314824680298,
         9.749279121818237,
         4.338837391175582,
         -4.33883739117558,
         -9.749279121818237,
         -7.818314824680299
      ],
      "yaw": [
         3.141592653589793,
         4.039190554615448,
         4.9367884556411035,
         5.834386356666759,
         6.731984257692414,
         7.629582158718069,
         8.527180059743724
      ],
      "v": [
         0.0,
         0.0,
         0.0,
         0.0,
         0.0,
         0.0,
         0.0
      ]
   },
   "trajectories": {
      "0": [
         [
            6.234898018587334,
            -7.818314824680299
         ]
      ],
      "1": [
         [
            10.0,
            0.0
         ]
      ],
      "2": [
         [
            6.2348980185873355,
            7.818314824680298
         ]
      ],
      "3": [
         [
            -2.225209339563146,
            -9.749279121818237
         ]
      ],
      "4": [
         [
            -9.00968867902419,
            4.338837391175582
         ]
      ],
      "5": [
         [
            -2.2252093395631434,
            9.749279121818237
         ]
      ],
      "6": [
         [
            -9.009688679024192,
            -4.33883739117558
         ]
      ]
   },
   "robot_num": 7
}