{  
   "robot_num": 5,
   "initial_position": {
      "x": [
         14.142135623730951,
         4.370160244488211,
         -11.441228056353685,
         -11.441228056353689,
         4.370160244488208
      ],
      "y": [
         0.0,
         13.449970239279146,
         8.31253875554907,
         -8.312538755549067,
         -13.449970239279148
      ],
      "yaw": [
         3.141592653589793,
         4.39822971502571,
         5.654866776461628,
         6.911503837897545,
         8.168140899333462
      ],
      "v": [
         0.0,
         0.0,
         0.0,
         0.0,
         0.0
      ]
   },
   "trajectories": {
      "0": [
         [
            4.370160244488208,
            -13.449970239279148
         ]
      ],
      "1": [
         [
            14.142135623730951,
            0.0
         ]
      ],
      "2": [
         [
            -11.441228056353689,
            -8.312538755549067
         ]
      ],
      "3": [
         [
            -11.441228056353685,
            8.31253875554907
         ]
      ],
      "4": [
         [
            4.370160244488211,
            13.449970239279146
         ]
      ]
   }
}