{
   "initial_position": {
      "x": [
         10.0,
         7.0710678118654755,
         6.123233995736766e-16,
         -7.071067811865475,
         -10.0,
         -7.071067811865477,
         -1.8369701987210296e-15,
         7.071067811865474
      ],
      "y": [
         0.0,
         7.071067811865475,
         10.0,
         7.0710678118654755,
         1.2246467991473533e-15,
         -7.071067811865475,
         -10.0,
         -7.071067811865477
      ],
      "yaw": [
         3.141592653589793,
         3.9269908169872414,
         4.71238898038469,
         5.497787143782138,
         6.283185307179586,
         7.0685834705770345,
         7.853981633974483,
         8.63937979737193
      ],
      "v": [
         0.0,
         0.0,
         0.0,
         0.0,
         0.0,
         0.0,
         0.0,
         0.0
      ]
   },
   "trajectories": {
      "0": [
         [
            6.123233995736766e-16,
            10.0
         ]
      ],
      "1": [
         [
            -1.8369701987210296e-15,
            -10.0
         ]
      ],
      "2": [
         [
            7.0710678118654755,
            7.071067811865475
         ]
      ],
      "3": [
         [
            10.0,
            0.0
         ]
      ],
      "4": [
         [
            -7.071067811865475,
            7.0710678118654755
         ]
      ],
      "5": [
         [
            7.071067811865474,
            -7.071067811865477
         ]
      ],
      "6": [
         [
            -7.071067811865477,
            -7.071067811865475
         ]
      ],
      "7": [
         [
            -10.0,
            1.2246467991473533e-15
         ]
      ]
   },
   "robot_num": 8
}