{
   "initial_position": {
      "x": [
         11.5,
         10.182744295011913,
         6.532744587408293,
         1.3861718229362145,
         -4.077956200989158,
         -8.607873603967663,
         -11.165830900399598,
         -11.1658309003996,
         -8.607873603967665,
         -4.077956200989163,
         1.3861718229362168,
         6.53274458740828,
         10.182744295011915
      ],
      "y": [
         0.0,
         5.3443164785033375,
         9.464314457777048,
         11.41615205212762,
         10.75268679088227,
         7.625910569769145,
         2.7521301393069133,
         -2.7521301393069106,
         -7.625910569769142,
         -10.752686790882269,
         -11.41615205212762,
         -9.464314457777055,
         -5.344316478503337
      ],
      "yaw": [
         3.141592653589793,
         3.624914600295915,
         4.108236547002037,
         4.59155849370816,
         5.074880440414281,
         5.558202387120403,
         6.041524333826525,
         6.524846280532647,
         7.0081682272387695,
         7.491490173944891,
         7.974812120651014,
         8.458134067357134,
         8.941456014063258
      ],
      "v": [
         0.0,
         0.0,
         0.0,
         0.0,
         0.0,
         0.0,
         0.0,
         0.0,
         0.0,
         0.0,
         0.0,
         0.0,
         0.0
      ]
   },
   "trajectories": {
      "0": [
         [
            1.3861718229362145,
            11.41615205212762
         ]
      ],
      "1": [
         [
            -4.077956200989158,
            10.75268679088227
         ]
      ],
      "2": [
         [
            11.5,
            0.0
         ]
      ],
      "3": [
         [
            -11.165830900399598,
            2.7521301393069133
         ]
      ],
      "4": [
         [
            1.3861718229362168,
            -11.41615205212762
         ]
      ],
      "5": [
         [
            -11.1658309003996,
            -2.7521301393069106
         ]
      ],
      "6": [
         [
            -8.607873603967663,
            7.625910569769145
         ]
      ],
      "7": [
         [
            10.182744295011913,
            5.3443164785033375
         ]
      ],
      "8": [
         [
            6.532744587408293,
            9.464314457777048
         ]
      ],
      "9": [
         [
            10.182744295011915,
            -5.344316478503337
         ]
      ],
      "10": [
         [
            6.53274458740828,
            -9.464314457777055
         ]
      ],
      "11": [
         [
            -4.077956200989163,
            -10.752686790882269
         ]
      ],
      "12": [
         [
            -8.607873603967665,
            -7.625910569769142
         ]
      ]
   },
   "robot_num": 13
}