{
   "initial_position": {
      "x": [
         10.0,
         7.66044443118978,
         1.7364817766693041,
         -4.999999999999998,
         -9.396926207859083,
         -9.396926207859085,
         -5.000000000000004,
         1.7364817766692997,
         7.660444431189778
      ],
      "y": [
         0.0,
         6.4278760968653925,
         9.84807753012208,
         8.660254037844387,
         3.420201433256689,
         -3.4202014332566866,
         -8.660254037844384,
         -9.848077530122081,
         -6.427876096865396
      ],
      "yaw": [
         3.141592653589793,
         3.839724354387525,
         4.537856055185257,
         5.235987755982988,
         5.934119456780721,
         6.632251157578452,
         7.330382858376184,
         8.028514559173916,
         8.726646259971648
      ],
      "v": [
         0.0,
         0.0,
         0.0,
         0.0,
         0.0,
         0.0,
         0.0,
         0.0,
         0.0
      ]
   },
   "trajectories": {
      "0": [
         [
            7.660444431189778,
            -6.427876096865396
         ]
      ],
      "1": [
         [
            -5.000000000000004,
            -8.660254037844384
         ]
      ],
      "2": [
         [
            1.7364817766692997,
            -9.848077530122081
         ]
      ],
      "3": [
         [
            10.0,
            0.0
         ]
      ],
      "4": [
         [
            -9.396926207859085,
            -3.4202014332566866
         ]
      ],
      "5": [
         [
            -9.396926207859083,
            3.420201433256689
         ]
      ],
      "6": [
         [
            1.7364817766693041,
            9.84807753012208
         ]
      ],
      "7": [
         [
            -4.999999999999998,
            8.660254037844387
         ]
      ],
      "8": [
         [
            7.66044443118978,
            6.4278760968653925
         ]
      ]
   },
   "robot_num": 9
}