{
   "initial_position": {
      "x": [
         10.0,
         8.090169943749475,
         3.0901699437494745,
         -3.0901699437494736,
         -8.090169943749473,
         -10.0,
         -8.090169943749476,
         -3.0901699437494754,
         3.0901699437494723,
         8.090169943749473
      ],
      "y": [
         0.0,
         5.877852522924732,
         9.510565162951535,
         9.510565162951536,
         5.877852522924733,
         1.2246467991473533e-15,
         -5.87785252292473,
         -9.510565162951535,
         -9.510565162951536,
         -5.877852522924734
      ],
      "yaw": [
         3.141592653589793,
         3.7699111843077517,
         4.39822971502571,
         5.026548245743669,
         5.654866776461628,
         6.283185307179586,
         6.911503837897545,
         7.5398223686155035,
         8.168140899333462,
         8.79645943005142
      ],
      "v": [
         0.0,
         0.0,
         0.0,
         0.0,
         0.0,
         0.0,
         0.0,
         0.0,
         0.0,
         0.0
      ]
   },
   "trajectories": {
      "0": [
         [
            -3.0901699437494736,
            9.510565162951536
         ]
      ],
      "1": [
         [
            3.0901699437494723,
            -9.510565162951536
         ]
      ],
      "2": [
         [
            -8.090169943749473,
            5.877852522924733
         ]
      ],
      "3": [
         [
            10.0,
            0.0
         ]
      ],
      "4": [
         [
            -3.0901699437494754,
            -9.510565162951535
         ]
      ],
      "5": [
         [
            8.090169943749475,
            5.877852522924732
         ]
      ],
      "6": [
         [
            8.090169943749473,
            -5.877852522924734
         ]
      ],
      "7": [
         [
            -10.0,
            1.2246467991473533e-15
         ]
      ],
      "8": [
         [
            3.0901699437494745,
            9.510565162951535
         ]
      ],
      "9": [
         [
            -8.090169943749476,
            -5.87785252292473
         ]
      ]
   },
   "robot_num": 10
}