{
   "initial_position": {
      "x": [
         11.5,
         10.36114198087782,
         7.1701327213754364,
         2.558990740497616,
         -2.558990740497615,
         -7.170132721375435,
         -10.361141980877818,
         -11.5,
         -10.36114198087782,
         -7.170132721375437,
         -2.5589907404976175,
         2.5589907404976033,
         7.170132721375434,
         10.361141980877823
      ],
      "y": [
         0.0,
         4.989662999851919,
         8.991062048382343,
         11.21167099009097,
         11.21167099009097,
         8.991062048382345,
         4.9896629998519195,
         1.4083438190194562e-15,
         -4.989662999851917,
         -8.991062048382341,
         -11.21167099009097,
         -11.211670990090974,
         -8.991062048382345,
         -4.9896629998519115
      ],
      "yaw": [
         3.141592653589793,
         3.5903916041026207,
         4.039190554615448,
         4.487989505128276,
         4.9367884556411035,
         5.385587406153931,
         5.834386356666759,
         6.283185307179586,
         6.731984257692414,
         7.180783208205241,
         7.629582158718069,
         8.078381109230897,
         8.527180059743724,
         8.975979010256552
      ],
      "v": [
         0.0,
         0.0,
         0.0,
         0.0,
         0.0,
         0.0,
         0.0,
         0.0,
         0.0,
         0.0,
         0.0,
         0.0,
         0.0,
         0.0
      ]
   },
   "trajectories": {
      "0": [
         [
            -7.170132721375435,
            8.991062048382345
         ]
      ],
      "1": [
         [
            -11.5,
            1.4083438190194562e-15
         ]
      ],
      "2": [
         [
            7.170132721375434,
            -8.991062048382345
         ]
      ],
      "3": [
         [
            -10.361141980877818,
            4.9896629998519195
         ]
      ],
      "4": [
         [
            -7.170132721375437,
            -8.991062048382341
         ]
      ],
      "5": [
         [
            10.36114198087782,
            4.989662999851919
         ]
      ],
      "6": [
         [
            2.558990740497616,
            11.21167099009097
         ]
      ],
      "7": [
         [
            -2.5589907404976175,
            -11.21167099009097
         ]
      ],
      "8": [
         [
            -2.558990740497615,
            11.21167099009097
         ]
      ],
      "9": [
         [
            7.1701327213754364,
            8.991062048382343
         ]
      ],
      "10": [
         [
            2.5589907404976033,
            -11.211670990090974
         ]
      ],
      "11": [
         [
            10.361141980877823,
            -4.9896629998519115
         ]
      ],
      "12": [
         [
            11.5,
            0.0
         ]
      ],
      "13": [
         [
            -10.36114198087782,
            -4.989662999851917
         ]
      ]
   },
   "robot_num": 14
}