{
   "initial_position": {
      "x": [
         10.0,
         5.000000000000001,
         -4.999999999999998,
         -10.0,
         -5.000000000000004,
         5.000000000000001
      ],
      "y": [
         0.0,
         8.660254037844386,
         8.660254037844387,
         1.2246467991473533e-15,
         -8.660254037844384,
         -8.660254037844386
      ],
      "yaw": [
         3.141592653589793,
         4.1887902047863905,
         5.235987755982988,
         6.283185307179586,
         7.330382858376184,
         8.377580409572783
      ],
      "v": [
         0.0,
         0.0,
         0.0,
         0.0,
         0.0,
         0.0
      ]
   },
   "trajectories": {
      "0": [
         [
            -5.000000000000004,
            -8.660254037844384
         ]
      ],
      "1": [
         [
            -10.0,
            1.2246467991473533e-15
         ]
      ],
      "2": [
         [
            10.0,
            0.0
         ]
      ],
      "3": [
         [
            5.000000000000001,
            -8.660254037844386
         ]
      ],
      "4": [
         [
            5.000000000000001,
            8.660254037844386
         ]
      ],
      "5": [
         [
            -4.999999999999998,
            8.660254037844387
         ]
      ]
   },
   "robot_num": 6
}