{
   "initial_position": {
      "x": [
         11.5,
         9.959292143521045,
         5.750000000000001,
         7.041719095097281e-16,
         -5.749999999999997,
         -9.959292143521045,
         -11.5,
         -9.959292143521047,
         -5.750000000000005,
         -2.112515728529184e-15,
         5.750000000000001,
         9.959292143521042
      ],
      "y": [
         0.0,
         5.749999999999999,
         9.959292143521044,
         11.5,
         9.959292143521045,
         5.749999999999999,
         1.4083438190194562e-15,
         -5.7499999999999964,
         -9.959292143521042,
         -11.5,
         -9.959292143521044,
         -5.750000000000005
      ],
      "yaw": [
         3.141592653589793,
         3.665191429188092,
         4.1887902047863905,
         4.71238898038469,
         5.235987755982988,
         5.759586531581288,
         6.283185307179586,
         6.8067840827778845,
         7.330382858376184,
         7.853981633974483,
         8.377580409572783,
         8.901179185171081
      ],
      "v": [
         0.0,
         0.0,
         0.0,
         0.0,
         0.0,
         0.0,
         0.0,
         0.0,
         0.0,
         0.0,
         0.0,
         0.0
      ]
   },
   "trajectories": {
      "0": [
         [
            -5.749999999999997,
            9.959292143521045
         ]
      ],
      "1": [
         [
            -11.5,
            1.4083438190194562e-15
         ]
      ],
      "2": [
         [
            9.959292143521045,
            5.749999999999999
         ]
      ],
      "3": [
         [
            -9.959292143521045,
            5.749999999999999
         ]
      ],
      "4": [
         [
            5.750000000000001,
            -9.959292143521044
         ]
      ],
      "5": [
         [
            -5.750000000000005,
            -9.959292143521042
         ]
      ],
      "6": [
         [
            7.041719095097281e-16,
            11.5
         ]
      ],
      "7": [
         [
            11.5,
            0.0
         ]
      ],
      "8": [
         [
            -9.959292143521047,
            -5.7499999999999964
         ]
      ],
      "9": [
         [
            9.959292143521042,
            -5.750000000000005
         ]
      ],
      "10": [
         [
            5.750000000000001,
            9.959292143521044
         ]
      ],
      "11": [
         [
            -2.112515728529184e-15,
            -11.5
         ]
      ]
   },
   "robot_num": 12
}