{  
   "robot_num": 5,
   "initial_position": {
      "x": [
         8.0,
         2.4721359549995796,
         -6.472135954999579,
         -6.4721359549995805,
         2.472135954999578
      ],
      "y": [
         0.0,
         7.608452130361228,
         4.702282018339786,
         -4.702282018339784,
         -7.608452130361229
      ],
      "yaw": [
         3.141592653589793,
         4.39822971502571,
         5.654866776461628,
         6.911503837897545,
         8.168140899333462
      ],
      "v": [
         0.0,
         0.0,
         0.0,
         0.0,
         0.0
      ]
   },
   "trajectories": {
      "0": [
         [
            -6.472135954999579,
            4.702282018339786
         ]
      ],
      "1": [
         [
            -6.4721359549995805,
            -4.702282018339784
         ]
      ],
      "2": [
         [
            2.4721359549995796,
            7.608452130361228
         ]
      ],
      "3": [
         [
            2.472135954999578,
            -7.608452130361229
         ]
      ],
      "4": [
         [
            8.0,
            0.0
         ]
      ]
   }
}