{
   "initial_position": {
      "x": [
         8.0,
         4.987918414869869,
         -1.7801674716505147,
         -7.207750943219352,
         -7.207750943219353,
         -1.7801674716505167,
         4.987918414869867
      ],
      "y": [
         0.0,
         6.254651859744238,
         7.799423297454589,
         3.471069912940466,
         -3.471069912940464,
         -7.799423297454589,
         -6.254651859744239
      ],
      "yaw": [
         3.141592653589793,
         4.039190554615448,
         4.9367884556411035,
         5.834386356666759,
         6.731984257692414,
         7.629582158718069,
         8.527180059743724
      ],
      "v": [
         0.0,
         0.0,
         0.0,
         0.0,
         0.0,
         0.0,
         0.0
      ]
   },
   "trajectories": {
      "0": [
         [
            4.987918414869869,
            6.254651859744238
         ]
      ],
      "1": [
         [
            -1.7801674716505147,
            7.799423297454589
         ]
      ],
      "2": [
         [
            -7.207750943219353,
            -3.471069912940464
         ]
      ],
      "3": [
         [
            -1.7801674716505167,
            -7.799423297454589
         ]
      ],
      "4": [
         [
            -7.207750943219352,
            3.471069912940466
         ]
      ],
      "5": [
         [
            4.987918414869867,
            -6.254651859744239
         ]
      ],
      "6": [
         [
            8.0,
            0.0
         ]
      ]
   },
   "robot_num": 7
}