{
   "initial_position": {
      "x": [
         10.0,
         8.660254037844387,
         5.000000000000001,
         6.123233995736766e-16,
         -4.999999999999998,
         -8.660254037844387,
         -10.0,
         -8.660254037844389,
         -5.000000000000004,
         -1.8369701987210296e-15,
         5.000000000000001,
         8.660254037844384
      ],
      "y": [
         0.0,
         4.999999999999999,
         8.660254037844386,
         10.0,
         8.660254037844387,
         4.999999999999999,
         1.2246467991473533e-15,
         -4.999999999999997,
         -8.660254037844384,
         -10.0,
         -8.660254037844386,
         -5.000000000000004
      ],
      "yaw": [
         3.141592653589793,
         3.665191429188092,
         4.1887902047863905,
         4.71238898038469,
         5.235987755982988,
         5.759586531581288,
         6.283185307179586,
         6.8067840827778845,
         7.330382858376184,
         7.853981633974483,
         8.377580409572783,
         8.901179185171081
      ],
      "v": [
         0.0,
         0.0,
         0.0,
         0.0,
         0.0,
         0.0,
         0.0,
         0.0,
         0.0,
         0.0,
         0.0,
         0.0
      ]
   },
   "trajectories": {
      "0": [
         [
            -4.999999999999998,
            8.660254037844387
         ]
      ],
      "1": [
         [
            -10.0,
            1.2246467991473533e-15
         ]
      ],
      "2": [
         [
            -8.660254037844389,
            -4.999999999999997
         ]
      ],
      "3": [
         [
            5.000000000000001,
            8.660254037844386
         ]
      ],
      "4": [
         [
            6.123233995736766e-16,
            10.0
         ]
      ],
      "5": [
         [
            8.660254037844384,
            -5.000000000000004
         ]
      ],
      "6": [
         [
            -1.8369701987210296e-15,
            -10.0
         ]
      ],
      "7": [
         [
            5.000000000000001,
            -8.660254037844386
         ]
      ],
      "8": [
         [
            -8.660254037844387,
            4.999999999999999
         ]
      ],
      "9": [
         [
            10.0,
            0.0
         ]
      ],
      "10": [
         [
            8.660254037844387,
            4.999999999999999
         ]
      ],
      "11": [
         [
            -5.000000000000004,
            -8.660254037844384
         ]
      ]
   },
   "robot_num": 12
}