{
   "initial_position": {
      "x": [
         11.0,
         9.526279441628827,
         5.500000000000001,
         6.735557395310443e-16,
         -5.499999999999997,
         -9.526279441628827,
         -11.0,
         -9.526279441628827,
         -5.500000000000005,
         -2.0206672185931327e-15,
         5.500000000000001,
         9.526279441628823
      ],
      "y": [
         0.0,
         5.499999999999999,
         9.526279441628825,
         11.0,
         9.526279441628827,
         5.499999999999999,
         1.3471114790620886e-15,
         -5.499999999999997,
         -9.526279441628823,
         -11.0,
         -9.526279441628825,
         -5.500000000000005
      ],
      "yaw": [
         3.141592653589793,
         3.665191429188092,
         4.1887902047863905,
         4.71238898038469,
         5.235987755982988,
         5.759586531581288,
         6.283185307179586,
         6.8067840827778845,
         7.330382858376184,
         7.853981633974483,
         8.377580409572783,
         8.901179185171081
      ],
      "v": [
         0.0,
         0.0,
         0.0,
         0.0,
         0.0,
         0.0,
         0.0,
         0.0,
         0.0,
         0.0,
         0.0,
         0.0
      ]
   },
   "trajectories": {
      "0": [
         [
            5.500000000000001,
            9.526279441628825
         ]
      ],
      "1": [
         [
            -9.526279441628827,
            5.499999999999999
         ]
      ],
      "2": [
         [
            -9.526279441628827,
            -5.499999999999997
         ]
      ],
      "3": [
         [
            11.0,
            0.0
         ]
      ],
      "4": [
         [
            9.526279441628827,
            5.499999999999999
         ]
      ],
      "5": [
         [
            -11.0,
            1.3471114790620886e-15
         ]
      ],
      "6": [
         [
            9.526279441628823,
            -5.500000000000005
         ]
      ],
      "7": [
         [
            5.500000000000001,
            -9.526279441628825
         ]
      ],
      "8": [
         [
            -5.499999999999997,
            9.526279441628827
         ]
      ],
      "9": [
         [
            -5.500000000000005,
            -9.526279441628823
         ]
      ],
      "10": [
         [
            6.735557395310443e-16,
            11.0
         ]
      ],
      "11": [
         [
            -2.0206672185931327e-15,
            -11.0
         ]
      ]
   },
   "robot_num": 12
}