{  
   "robot_num": 5,
   "initial_position": {
      "x": [
         10.0,
         3.0901699437494745,
         -8.090169943749473,
         -8.090169943749476,
         3.0901699437494723
      ],
      "y": [
         0.0,
         9.510565162951535,
         5.877852522924733,
         -5.87785252292473,
         -9.510565162951536
      ],
      "yaw": [
         3.141592653589793,
         4.39822971502571,
         5.654866776461628,
         6.911503837897545,
         8.168140899333462
      ],
      "v": [
         0.0,
         0.0,
         0.0,
         0.0,
         0.0
      ]
   },
   "trajectories": {
      "0": [
         [
            3.0901699437494745,
            9.510565162951535
         ]
      ],
      "1": [
         [
            10.0,
            0.0
         ]
      ],
      "2": [
         [
            3.0901699437494723,
            -9.510565162951536
         ]
      ],
      "3": [
         [
            -8.090169943749473,
            5.877852522924733
         ]
      ],
      "4": [
         [
            -8.090169943749476,
            -5.87785252292473
         ]
      ]
   }
}