{
   "initial_position": {
      "x": [
         8.0,
         4.000000000000001,
         -3.9999999999999982,
         -8.0,
         -4.0000000000000036,
         4.000000000000001
      ],
      "y": [
         0.0,
         6.928203230275509,
         6.92820323027551,
         9.797174393178826e-16,
         -6.928203230275507,
         -6.928203230275509
      ],
      "yaw": [
         3.141592653589793,
         4.1887902047863905,
         5.235987755982988,
         6.283185307179586,
         7.330382858376184,
         8.377580409572783
      ],
      "v": [
         0.0,
         0.0,
         0.0,
         0.0,
         0.0,
         0.0
      ]
   },
   "trajectories": {
      "0": [
         [
            4.000000000000001,
            -6.928203230275509
         ]
      ],
      "1": [
         [
            -4.0000000000000036,
            -6.928203230275507
         ]
      ],
      "2": [
         [
            8.0,
            0.0
         ]
      ],
      "3": [
         [
            -3.9999999999999982,
            6.92820323027551
         ]
      ],
      "4": [
         [
            4.000000000000001,
            6.928203230275509
         ]
      ],
      "5": [
         [
            -8.0,
            9.797174393178826e-16
         ]
      ]
   },
   "robot_num": 6
}