{  
   "robot_num": 5,
   "initial_position": {
      "x": [
         -2.0,
         -2.0,
         -2.0,
         10.0,
         -10.0
      ],
      "y": [
         6.0,
         10.0,
         -2.0,
         10.0,
         -2.0
      ],
      "yaw": [
         0.7330382858376184,
         1.3788101090755203,
         -3.036872898470133,
         2.548180707911721,
         -0.3665191429188092
      ],
      "v": [
         0.0,
         0.0,
         0.0,
         0.0,
         0.0
      ]
   },
   "trajectories": {
      "0": [
         [
            -11.0,
            12.0
         ],
         [
            -6.0,
            -2.0
         ],
         [
            -14.0,
            6.0
         ],
         [
            -8.0,
            -6.0
         ],
         [
            -15.0,
            -1.0
         ],
         [
            14.0,
            -5.0
         ],
         [
            4.0,
            4.0
         ],
         [
            10.0,
            8.0
         ],
         [
            5.0,
            9.0
         ],
         [
            0.0,
            -11.0
         ]
      ],
      "1": [
         [
            -2.0,
            -4.0
         ],
         [
            -1.0,
            -11.0
         ],
         [
            -10.0,
            -12.0
         ],
         [
            -15.0,
            5.0
         ],
         [
            13.0,
            -3.0
         ],
         [
            14.0,
            -14.0
         ],
         [
            1.0,
            9.0
         ],
         [
            -3.0,
            -14.0
         ],
         [
            -4.0,
            15.0
         ],
         [
            0.0,
            7.0
         ]
      ],
      "2": [
         [
            10.0,
            5.0
         ],
         [
            5.0,
            15.0
         ],
         [
            10.0,
            13.0
         ],
         [
            -10.0,
            5.0
         ],
         [
            10.0,
            -8.0
         ],
         [
            -15.0,
            -13.0
         ],
         [
            12.0,
            -4.0
         ],
         [
            -9.0,
            -12.0
         ],
         [
            -12.0,
            -6.0
         ],
         [
            6.0,
            5.0
         ]
      ],
      "3": [
         [
            -14.0,
            3.0
         ],
         [
            -13.0,
            -7.0
         ],
         [
            9.0,
            7.0
         ],
         [
            -15.0,
            -4.0
         ],
         [
            -14.0,
            15.0
         ],
         [
            -11.0,
            0.0
         ],
         [
            -15.0,
            -4.0
         ],
         [
            8.0,
            -12.0
         ],
         [
            15.0,
            -14.0
         ],
         [
            -1.0,
            7.0
         ]
      ],
      "4": [
         [
            -4.0,
            -9.0
         ],
         [
            -14.0,
            13.0
         ],
         [
            -2.0,
            -8.0
         ],
         [
            3.0,
            3.0
         ],
         [
            15.0,
            0.0
         ],
         [
            12.0,
            14.0
         ],
         [
            3.0,
            6.0
         ],
         [
            12.0,
            9.0
         ],
         [
            11.0,
            -8.0
         ],
         [
            14.0,
            12.0
         ]
      ]
   }
}