{  
   "robot_num": 5,
   "initial_position": {
      "x": [
         -10.0,
         6.0,
         6.0,
         2.0,
         -2.0
      ],
      "y": [
         10.0,
         6.0,
         -6.0,
         2.0,
         6.0
      ],
      "yaw": [
         1.2042771838760873,
         2.600540585471551,
         -2.9845130209103035,
         0.10471975511965978,
         2.530727415391778
      ],
      "v": [
         0.0,
         0.0,
         0.0,
         0.0,
         0.0
      ]
   },
   "trajectories": {
      "0": [
         [
            -3.0,
            12.0
         ],
         [
            -1.0,
            2.0
         ],
         [
            3.0,
            -8.0
         ],
         [
            1.0,
            -3.0
         ],
         [
            -15.0,
            -12.0
         ],
         [
            14.0,
            3.0
         ],
         [
            14.0,
            -5.0
         ],
         [
            15.0,
            -8.0
         ],
         [
            2.0,
            -6.0
         ],
         [
            -8.0,
            5.0
         ]
      ],
      "1": [
         [
            13.0,
            -13.0
         ],
         [
            1.0,
            -8.0
         ],
         [
            -8.0,
            -8.0
         ],
         [
            -13.0,
            -7.0
         ],
         [
            13.0,
            8.0
         ],
         [
            13.0,
            -3.0
         ],
         [
            13.0,
            -7.0
         ],
         [
            1.0,
            -6.0
         ],
         [
            0.0,
            -10.0
         ],
         [
            11.0,
            -5.0
         ]
      ],
      "2": [
         [
            -13.0,
            7.0
         ],
         [
            -5.0,
            -13.0
         ],
         [
            7.0,
            -8.0
         ],
         [
            9.0,
            -12.0
         ],
         [
            11.0,
            -2.0
         ],
         [
            -8.0,
            -9.0
         ],
         [
            15.0,
            -11.0
         ],
         [
            6.0,
            3.0
         ],
         [
            1.0,
            -7.0
         ],
         [
            -14.0,
            -7.0
         ]
      ],
      "3": [
         [
            -12.0,
            6.0
         ],
         [
            -9.0,
            -9.0
         ],
         [
            -2.0,
            12.0
         ],
         [
            0.0,
            -5.0
         ],
         [
            11.0,
            5.0
         ],
         [
            7.0,
            2.0
         ],
         [
            -11.0,
            2.0
         ],
         [
            4.0,
            13.0
         ],
         [
            -12.0,
            -3.0
         ],
         [
            14.0,
            1.0
         ]
      ],
      "4": [
         [
            -13.0,
            -3.0
         ],
         [
            8.0,
            1.0
         ],
         [
            -6.0,
            4.0
         ],
         [
            -8.0,
            -10.0
         ],
         [
            -9.0,
            4.0
         ],
         [
            -11.0,
            -1.0
         ],
         [
            -1.0,
            -12.0
         ],
         [
            5.0,
            -6.0
         ],
         [
            2.0,
            -11.0
         ],
         [
            15.0,
            -3.0
         ]
      ]
   }
}