{
   "initial_position": {
      "x": [
         2.0,
         10.0,
         -6.0,
         -10.0,
         -10.0,
         -6.0,
         2.0,
         -2.0,
         6.0,
         -10.0,
         10.0,
         -6.0
      ],
      "y": [
         -10.0,
         -6.0,
         -10.0,
         -6.0,
         6.0,
         2.0,
         -2.0,
         10.0,
         2.0,
         -2.0,
         6.0,
         6.0
      ],
      "yaw": [
         -0.7330382858376184,
         2.007128639793479,
         -1.2042771838760873,
         -1.5184364492350666,
         -2.7576202181510405,
         0.15707963267948966,
         0.8377580409572782,
         -0.10471975511965978,
         -2.7401669256310974,
         1.0995574287564276,
         -1.6057029118347832,
         1.3962634015954636
      ],
      "v": [
         0.0,
         0.0,
         0.0,
         0.0,
         0.0,
         0.0,
         0.0,
         0.0,
         0.0,
         0.0,
         0.0,
         0.0
      ]
   },
   "trajectories": {
      "0": [
         [
            -9.0,
            11.0
         ],
         [
            -5.0,
            2.0
         ],
         [
            9.0,
            8.0
         ],
         [
            12.0,
            -8.0
         ],
         [
            -10.0,
            -11.0
         ],
         [
            7.0,
            -6.0
         ],
         [
            11.0,
            -3.0
         ],
         [
            -12.0,
            -3.0
         ],
         [
            13.0,
            1.0
         ],
         [
            2.0,
            2.0
         ]
      ],
      "1": [
         [
            -4.0,
            -1.0
         ],
         [
            -3.0,
            2.0
         ],
         [
            -7.0,
            7.0
         ],
         [
            11.0,
            9.0
         ],
         [
            -9.0,
            -4.0
         ],
         [
            11.0,
            11.0
         ],
         [
            3.0,
            10.0
         ],
         [
            0.0,
            -6.0
         ],
         [
            -10.0,
            -8.0
         ],
         [
            -9.0,
            7.0
         ]
      ],
      "2": [
         [
            -5.0,
            -6.0
         ],
         [
            2.0,
            13.0
         ],
         [
            -12.0,
            2.0
         ],
         [
            -11.0,
            11.0
         ],
         [
            -6.0,
            3.0
         ],
         [
            -2.0,
            -11.0
         ],
         [
            6.0,
            9.0
         ],
         [
            -10.0,
            -12.0
         ],
         [
            -7.0,
            10.0
         ],
         [
            4.0,
            9.0
         ]
      ],
      "3": [
         [
            -2.0,
            3.0
         ],
         [
            5.0,
            9.0
         ],
         [
            1.0,
            12.0
         ],
         [
            2.0,
            -1.0
         ],
         [
            10.0,
            10.0
         ],
         [
            0.0,
            4.0
         ],
         [
            0.0,
            -6.0
         ],
         [
            -13.0,
            -3.0
         ],
         [
            13.0,
            1.0
         ],
         [
            -5.0,
            12.0
         ]
      ],
      "4": [
         [
            -12.0,
            3.0
         ],
         [
            -1.0,
            -12.0
         ],
         [
            -1.0,
            -10.0
         ],
         [
            -2.0,
            -9.0
         ],
         [
            6.0,
            5.0
         ],
         [
            -2.0,
            4.0
         ],
         [
            -4.0,
            -12.0
         ],
         [
            10.0,
            0.0
         ],
         [
            -6.0,
            3.0
         ],
         [
            -1.0,
            -12.0
         ]
      ],
      "5": [
         [
            -4.0,
            12.0
         ],
         [
            8.0,
            -13.0
         ],
         [
            -6.0,
            -10.0
         ],
         [
            -1.0,
            -8.0
         ],
         [
            5.0,
            5.0
         ],
         [
            -9.0,
            9.0
         ],
         [
            2.0,
            -8.0
         ],
         [
            -8.0,
            -13.0
         ],
         [
            -3.0,
            7.0
         ],
         [
            1.0,
            -2.0
         ]
      ],
      "6": [
         [
            12.0,
            -10.0
         ],
         [
            6.0,
            -6.0
         ],
         [
            -7.0,
            7.0
         ],
         [
            11.0,
            11.0
         ],
         [
            9.0,
            -8.0
         ],
         [
            -9.0,
            -5.0
         ],
         [
            1.0,
            7.0
         ],
         [
            -8.0,
            -11.0
         ],
         [
            -1.0,
            9.0
         ],
         [
            2.0,
            -12.0
         ]
      ],
      "7": [
         [
            -10.0,
            12.0
         ],
         [
            -6.0,
            -5.0
         ],
         [
            -9.0,
            -1.0
         ],
         [
            -10.0,
            5.0
         ],
         [
            -11.0,
            -2.0
         ],
         [
            -4.0,
            -6.0
         ],
         [
            11.0,
            12.0
         ],
         [
            10.0,
            5.0
         ],
         [
            -9.0,
            -12.0
         ],
         [
            12.0,
            12.0
         ]
      ],
      "8": [
         [
            -9.0,
            2.0
         ],
         [
            6.0,
            -11.0
         ],
         [
            -7.0,
            -3.0
         ],
         [
            -12.0,
            -3.0
         ],
         [
            -4.0,
            2.0
         ],
         [
            1.0,
            5.0
         ],
         [
            8.0,
            10.0
         ],
         [
            -3.0,
            -5.0
         ],
         [
            8.0,
            -1.0
         ],
         [
            12.0,
            2.0
         ]
      ],
      "9": [
         [
            -11.0,
            -11.0
         ],
         [
            -9.0,
            6.0
         ],
         [
            12.0,
            12.0
         ],
         [
            -4.0,
            11.0
         ],
         [
            -4.0,
            -1.0
         ],
         [
            -8.0,
            -10.0
         ],
         [
            -2.0,
            8.0
         ],
         [
            12.0,
            4.0
         ],
         [
            13.0,
            -5.0
         ],
         [
            -1.0,
            9.0
         ]
      ],
      "10": [
         [
            -2.0,
            -10.0
         ],
         [
            6.0,
            12.0
         ],
         [
            -9.0,
            1.0
         ],
         [
            0.0,
            6.0
         ],
         [
            -13.0,
            -4.0
         ],
         [
            -12.0,
            1.0
         ],
         [
            1.0,
            -2.0
         ],
         [
            -10.0,
            -1.0
         ],
         [
            4.0,
            -10.0
         ],
         [
            -5.0,
            6.0
         ]
      ],