{
   "initial_position": {
      "x": [
         10.0,
         6.0,
         -6.0,
         -2.0,
         -2.0,
         6.0,
         -10.0,
         10.0,
         6.0,
         -2.0,
         6.0,
         -2.0,
         6.0,
         2.0,
         2.0
      ],
      "y": [
         2.0,
         -10.0,
         2.0,
         -6.0,
         -10.0,
         -6.0,
         10.0,
         -6.0,
         10.0,
         10.0,
         6.0,
         6.0,
         -2.0,
         -2.0,
         6.0
      ],
      "yaw": [
         -2.0420352248333655,
         -2.199114857512855,
         -1.8675022996339325,
         -0.06981317007977318,
         -0.15707963267948966,
         -1.0821041362364843,
         -1.413716694115407,
         0.05235987755982989,
         2.91469985083053,
         2.5830872929516078,
         -2.548180707911721,
         1.6406094968746698,
         2.6878070480712677,
         3.12413936106985,
         -2.6878070480712677
      ],
      "v": [
         0.0,
         0.0,
         0.0,
         0.0,
         0.0,
         0.0,
         0.0,
         0.0,
         0.0,
         0.0,
         0.0,
         0.0,
         0.0,
         0.0,
         0.0
      ]
   },
   "trajectories": {
      "0": [
         [
            -12.0,
            -7.0
         ],
         [
            7.0,
            6.0
         ],
         [
            -9.0,
            -1.0
         ],
         [
            5.0,
            4.0
         ],
         [
            -8.0,
            -6.0
         ],
         [
            12.0,
            -12.0
         ],
         [
            -9.0,
            5.0
         ],
         [
            -2.0,
            -4.0
         ],
         [
            -12.0,
            -3.0
         ],
         [
            -4.0,
            10.0
         ]
      ],
      "1": [
         [
            8.0,
            8.0
         ],
         [
            9.0,
            -7.0
         ],
         [
            -3.0,
            8.0
         ],
         [
            9.0,
            9.0
         ],
         [
            -13.0,
            -4.0
         ],
         [
            -10.0,
            -2.0
         ],
         [
            -7.0,
            5.0
         ],
         [
            5.0,
            10.0
         ],
         [
            -3.0,
            7.0
         ],
         [
            -5.0,
            2.0
         ]
      ],
      "2": [
         [
            -12.0,
            13.0
         ],
         [
            12.0,
            -12.0
         ],
         [
            3.0,
            -7.0
         ],
         [
            3.0,
            1.0
         ],
         [
            7.0,
            0.0
         ],
         [
            4.0,
            -13.0
         ],
         [
            10.0,
            -5.0
         ],
         [
            -10.0,
            3.0
         ],
         [
            -11.0,
            -8.0
         ],
         [
            -7.0,
            3.0
         ]
      ],
      "3": [
         [
            8.0,
            3.0
         ],
         [
            -13.0,
            -1.0
         ],
         [
            -10.0,
            -1.0
         ],
         [
            11.0,
            -5.0
         ],
         [
            8.0,
            -3.0
         ],
         [
            -5.0,
            -2.0
         ],
         [
            -6.0,
            0.0
         ],
         [
            -5.0,
            4.0
         ],
         [
            12.0,
            -1.0
         ],
         [
            2.0,
            -3.0
         ]
      ],
      "4": [
         [
            9.0,
            -1.0
         ],
         [
            -11.0,
            -11.0
         ],
         [
            13.0,
            6.0
         ],
         [
            5.0,
            -9.0
         ],
         [
            13.0,
            12.0
         ],
         [
            10.0,
            6.0
         ],
         [
            -11.0,
            -8.0
         ],
         [
            -13.0,
            -3.0
         ],
         [
            10.0,
            11.0
         ],
         [
            -8.0,
            -1.0
         ]
      ],
      "5": [
         [
            -9.0,
            -3.0
         ],
         [
            9.0,
            6.0
         ],
         [
            -9.0,
            4.0
         ],
         [
            -13.0,
            -13.0
         ],
         [
            -12.0,
            2.0
         ],
         [
            0.0,
            13.0
         ],
         [
            -1.0,
            -2.0
         ],
         [
            12.0,
            -11.0
         ],
         [
            3.0,
            12.0
         ],
         [
            -6.0,
            8.0
         ]
      ],
      "6": [
         [
            10.0,
            -5.0
         ],
         [
            9.0,
            6.0
         ],
         [
            -3.0,
            -2.0
         ],
         [
            8.0,
            1.0
         ],
         [
            8.0,
            13.0
         ],
         [
            -3.0,
            3.0
         ],
         [
            10.0,
            -6.0
         ],
         [
            -5.0,
            9.0
         ],
         [
            2.0,
            -3.0
         ],
         [
            -1.0,
            -7.0
         ]
      ],
      "7": [
         [
            -8.0,
            4.0
         ],
         [
            7.0,
            0.0
         ],
         [
            -4.0,
            2.0
         ],
         [
            13.0,
            -3.0
         ],
         [
            -9.0,
            -3.0
         ],
         [
            11.0,
            -9.0
         ],
         [
            11.0,
            -6.0
         ],
         [
            12.0,
            11.0
         ],
         [
            8.0,
            -6.0
         ],
         [
            2.0,
            7.0
         ]
      ],
      "8": [
         [
            -12.0,
            -10.0
         ],
         [
            3.0,
            -10.0
         ],
         [
            0.0,
            -3.0
         ],
         [
            -12.0,
            -4.0
         ],
         [
            0.0,
            7.0
         ],
         [
            5.0,
            10.0
         ],
         [
            7.0,
            5.0
         ],
         [
            12.0,
            12.0
         ],
         [
            -7.0,
            -4.0
         ],
         [
            -4.0,
            -1.0
         ]
      ],
      "9": [
         [
            2.0,
            -8.0
         ],
         [
            -7.0,
            7.0
         ],
         [
            6.0,
            -10.0
         ],
         [
            -2.0,
            4.0
         ],
         [
            9.0,
            9.0
         ],
         [
            -9.0,
            0.0
         ],
         [
            1.0,
            -2.0
         ],
         [
            2.0,
            -4.0
         ],
         [
            11.0,
            -9.0
         ],
         [
            -7.0,
            1.0
         ]
      ],
      "10": [
         [
            -12.0,
            2.0
         ],
         [
            -2.0,
            8.0
         ],
         [
            -12.0,
            6.0
         ],
         [
            9.0,
            -9.0
         ],
         [
            5.0,
            -13.0
         ],
         [
            -9.0,
            -9.0
         ],
         [
            11.0,
            13.0
         ],
         [
            -11.0,
            9.0
         ],
         [
            10.0,
            11.0
         ],
         [
            2.0,
            13.0
         ]
      ],