{
   "initial_position": {
      "x": [
         10.0,
         6.0,
         10.0,
         6.0,
         10.0
      ],
      "y": [
         10.0,
         2.0,
         2.0,
         10.0,
         -10.0
      ],
      "yaw": [
         1.0122909661567112,
         2.548180707911721,
         0.33161255787892263,
         -0.13962634015954636,
         -0.3490658503988659
      ],
      "v": [
         0.0,
         0.0,
         0.0,
         0.0,
         0.0
      ]
   },
   "trajectories": {
      "0": [
         [
            -12.0,
            12.0
         ],
         [
            -1.0,
            15.0
         ],
         [
            -10.0,
            1.0
         ],
         [
            15.0,
            11.0
         ],
         [
            4.0,
            -6.0
         ],
         [
            -9.0,
            -10.0
         ],
         [
            13.0,
            -3.0
         ],
         [
            -9.0,
            5.0
         ],
         [
            9.0,
            1.0
         ],
         [
            14.0,
            0.0
         ]
      ],
      "1": [
         [
            -6.0,
            -15.0
         ],
         [
            1.0,
            -14.0
         ],
         [
            15.0,
            8.0
         ],
         [
            -3.0,
            4.0
         ],
         [
            2.0,
            14.0
         ],
         [
            -4.0,
            -9.0
         ],
         [
            9.0,
            -14.0
         ],
         [
            8.0,
            -11.0
         ],
         [
            -13.0,
            9.0
         ],
         [
            -10.0,
            10.0
         ]
      ],
      "2": [
         [
            13.0,
            -5.0
         ],
         [
            15.0,
            -6.0
         ],
         [
            12.0,
            5.0
         ],
         [
            -13.0,
            12.0
         ],
         [
            7.0,
            -7.0
         ],
         [
            8.0,
            0.0
         ],
         [
            8.0,
            -5.0
         ],
         [
            15.0,
            11.0
         ],
         [
            11.0,
            -10.0
         ],
         [
            -6.0,
            6.0
         ]
      ],
      "3": [
         [
            2.0,
            -4.0
         ],
         [
            -15.0,
            13.0
         ],
         [
            14.0,
            3.0
         ],
         [
            -3.0,
            -10.0
         ],
         [
            3.0,
            15.0
         ],
         [
            -3.0,
            4.0
         ],
         [
            -5.0,
            -6.0
         ],
         [
            -15.0,
            -7.0
         ],
         [
            11.0,
            -9.0
         ],
         [
            0.0,
            -15.0
         ]
      ],
      "4": [
         [
            -5.0,
            14.0
         ],
         [
            8.0,
            -3.0
         ],
         [
            11.0,
            -12.0
         ],
         [
            9.0,
            -13.0
         ],
         [
            9.0,
            -13.0
         ],
         [
            -7.0,
            -1.0
         ],
         [
            0.0,
            -3.0
         ],
         [
            -15.0,
            7.0
         ],
         [
            -11.0,
            14.0
         ],
         [
            -14.0,
            -11.0
         ]
      ]
   }
}