{
   "initial_position": {
      "x": [
         2.0,
         2.0,
         -10.0,
         -6.0,
         -2.0
      ],
      "y": [
         2.0,
         -6.0,
         6.0,
         10.0,
         6.0
      ],
      "yaw": [
         -2.4958208303518914,
         1.0471975511965976,
         -2.670353755551324,
         -1.710422666954443,
         -1.0995574287564276
      ],
      "v": [
         0.0,
         0.0,
         0.0,
         0.0,
         0.0
      ]
   },
   "trajectories": {
      "0": [
         [
            -13.0,
            15.0
         ],
         [
            -9.0,
            -4.0
         ],
         [
            -14.0,
            4.0
         ],
         [
            0.0,
            -15.0
         ],
         [
            6.0,
            -1.0
         ],
         [
            -4.0,
            -1.0
         ],
         [
            5.0,
            2.0
         ],
         [
            -9.0,
            1.0
         ],
         [
            -7.0,
            10.0
         ],
         [
            3.0,
            3.0
         ]
      ],
      "1": [
         [
            -6.0,
            13.0
         ],
         [
            5.0,
            4.0
         ],
         [
            7.0,
            11.0
         ],
         [
            -3.0,
            0.0
         ],
         [
            1.0,
            -14.0
         ],
         [
            -12.0,
            10.0
         ],
         [
            -15.0,
            -11.0
         ],
         [
            -11.0,
            -14.0
         ],
         [
            -3.0,
            3.0
         ],
         [
            4.0,
            -14.0
         ]
      ],
      "2": [
         [
            10.0,
            -15.0
         ],
         [
            -4.0,
            1.0
         ],
         [
            -5.0,
            10.0
         ],
         [
            -8.0,
            -7.0
         ],
         [
            11.0,
            -13.0
         ],
         [
            -12.0,
            -14.0
         ],
         [
            13.0,
            1.0
         ],
         [
            12.0,
            9.0
         ],
         [
            0.0,
            -5.0
         ],
         [
            -14.0,
            -13.0
         ]
      ],
      "3": [
         [
            14.0,
            -8.0
         ],
         [
            10.0,
            -6.0
         ],
         [
            8.0,
            14.0
         ],
         [
            2.0,
            -8.0
         ],
         [
            -8.0,
            -10.0
         ],
         [
            -14.0,
            5.0
         ],
         [
            -10.0,
            -3.0
         ],
         [
            12.0,
            -4.0
         ],
         [
            -7.0,
            -6.0
         ],
         [
            -5.0,
            8.0
         ]
      ],
      "4": [
         [
            -15.0,
            10.0
         ],
         [
            -15.0,
            8.0
         ],
         [
            14.0,
            6.0
         ],
         [
            -6.0,
            -10.0
         ],
         [
            12.0,
            14.0
         ],
         [
            0.0,
            15.0
         ],
         [
            -6.0,
            -11.0
         ],
         [
            -15.0,
            -2.0
         ],
         [
            12.0,
            1.0
         ],
         [
            -3.0,
            15.0
         ]
      ]
   }
}