{"model_type": ["linear", "linear", "linear", "linear"], "x0": [5.0, -5.0, -5.0, 5.0], "y0": [-5.0, 5.0, -5.0, 5.0], "yaw": [-1.1344640137963142, -2.478367537831948, -1.9373154697137058, -2.949606435870417], "v": [0.0, 0.0, 0.0, 0.0], "omega": [0.0, 0.0, 0.0, 0.0]}