{"model_type": ["linear", "linear", "linear", "linear", "linear"], "x0": [10.0, -10.0, -6.0, 6.0, -2.0], "y0": [6.0, -2.0, 2.0, 2.0, 6.0], "yaw": [2.2165681500327987, 2.3911010752322315, -2.91469985083053, -2.9670597283903604, 1.1693705988362009], "v": [0.0, 0.0, 0.0, 0.0, 0.0], "omega": [0.0, 0.0, 0.0, 0.0, 0.0]}