{"model_type": ["linear", "linear", "linear"], "x0": [-17.0, -17.0, -51.0], "y0": [-85.0, 51.0, -34.0], "yaw": [-1.2042771838760873, -0.5585053606381855, 2.0420352248333655], "v": [0.0, 0.0, 0.0], "omega": [0.0, 0.0, 0.0]}