{"model_type": ["linear", "linear", "linear", "linear", "linear", "linear", "linear"], "x0": [-5.0, 0.0, -5.0, 5.0, 0.0, 0.0, 5.0], "y0": [5.0, -5.0, 0.0, 0.0, 5.0, 0.0, 5.0], "yaw": [2.0943951023931953, -2.251474735072685, 0.8552113334772214, -0.5934119456780721, -0.5061454830783556, 0.5061454830783556, 0.8552113334772214], "v": [0.0, 0.0, 0.0, 0.0, 0.0, 0.0, 0.0], "omega": [0.0, 0.0, 0.0, 0.0, 0.0, 0.0, 0.0]}