{"model_type": ["linear", "linear", "linear", "linear", "linear"], "x0": [6.0, 2.0, 2.0, 10.0, -2.0], "y0": [-10.0, 2.0, 6.0, -6.0, 2.0], "yaw": [-1.5009831567151235, 2.2165681500327987, 0.5061454830783556, 1.3089969389957472, 1.117010721276371], "v": [0.0, 0.0, 0.0, 0.0, 0.0], "omega": [0.0, 0.0, 0.0, 0.0, 0.0]}