{"model_type": ["linear", "linear", "linear", "linear", "linear", "linear", "linear", "linear"], "x0": [42.85714285714286, 60.0, 60.0, 42.85714285714286, -60.0, -60.0, 25.714285714285708, -42.85714285714286], "y0": [-60.0, -60.0, 60.0, 60.0, 60.0, -60.0, 8.57142857142857, -60.0], "yaw": [0.7155849933176751, -0.47123889803846897, -2.949606435870417, 2.007128639793479, 0.8377580409572782, -2.2863813201125716, 1.9198621771937625, -0.7504915783575618], "v": [0.0, 0.0, 0.0, 0.0, 0.0, 0.0, 0.0, 0.0], "omega": [0.0, 0.0, 0.0, 0.0, 0.0, 0.0, 0.0, 0.0]}