{"model_type": ["linear", "linear", "linear", "linear", "linear", "linear", "linear", "linear", "linear", "linear", "linear"], "x0": [-34.0, -51.0, 51.0, 34.0, 17.0, 68.0, -85.0, -51.0, -68.0, -17.0, 68.0], "y0": [51.0, -85.0, 51.0, 51.0, -17.0, -34.0, 0.0, -51.0, -51.0, -68.0, 85.0], "yaw": [-0.4188790204786391, 2.111848394913139, -2.9321531433504737, -0.6108652381980153, 3.0892327760299634, 2.129301687433082, -1.7453292519943295, 1.4486232791552935, 0.05235987755982989, -0.9075712110370514, 2.443460952792061], "v": [0.0, 0.0, 0.0, 0.0, 0.0, 0.0, 0.0, 0.0, 0.0, 0.0, 0.0], "omega": [0.0, 0.0, 0.0, 0.0, 0.0, 0.0, 0.0, 0.0, 0.0, 0.0, 0.0]}