{"model_type": ["linear", "linear", "linear", "linear", "linear"], "x0": [2.0, 2.0, -6.0, -6.0, -10.0], "y0": [-2.0, 2.0, 2.0, 10.0, -6.0], "yaw": [0.9599310885968813, -0.9250245035569946, -2.722713633111154, 2.321287905152458, -1.2042771838760873], "v": [0.0, 0.0, 0.0, 0.0, 0.0], "omega": [0.0, 0.0, 0.0, 0.0, 0.0]}