{"model_type": ["linear", "linear", "linear", "linear", "linear"], "x0": [2.0, -2.0, 6.0, -10.0, 2.0], "y0": [6.0, -2.0, 2.0, 6.0, -10.0], "yaw": [0.6632251157578453, 0.2792526803190927, 0.6806784082777885, -2.897246558310587, 1.3788101090755203], "v": [0.0, 0.0, 0.0, 0.0, 0.0], "omega": [0.0, 0.0, 0.0, 0.0, 0.0]}