{"model_type": ["linear", "linear", "linear", "linear", "linear"], "x0": [-51.0, -85.0, 34.0, 34.0, 0.0], "y0": [17.0, 34.0, 68.0, 51.0, -68.0], "yaw": [1.5009831567151235, -0.17453292519943295, 1.361356816555577, -1.6580627893946132, -2.9321531433504737], "v": [0.0, 0.0, 0.0, 0.0, 0.0], "omega": [0.0, 0.0, 0.0, 0.0, 0.0]}