{"model_type": ["linear", "linear", "linear", "linear", "linear", "linear", "linear", "linear", "linear", "linear", "linear"], "x0": [51.0, -85.0, 17.0, -17.0, -68.0, 0.0, 51.0, -34.0, -68.0, 34.0, -51.0], "y0": [51.0, 68.0, 85.0, 34.0, -68.0, -85.0, 85.0, 51.0, 0.0, -17.0, 51.0], "yaw": [0.8377580409572782, -1.9722220547535925, -2.443460952792061, -1.6406094968746698, -1.7627825445142729, 1.710422666954443, 1.6755160819145565, 2.251474735072685, -3.0543261909900767, 2.0420352248333655, 3.036872898470133], "v": [0.0, 0.0, 0.0, 0.0, 0.0, 0.0, 0.0, 0.0, 0.0, 0.0, 0.0], "omega": [0.0, 0.0, 0.0, 0.0, 0.0, 0.0, 0.0, 0.0, 0.0, 0.0, 0.0]}