{"model_type": ["linear", "linear", "linear", "linear", "linear"], "x0": [-5.0, 0.0, 0.0, -5.0, 5.0], "y0": [0.0, -5.0, 5.0, 5.0, 0.0], "yaw": [0.5410520681182421, 2.3387411976724017, -2.652900463031381, 0.06981317007977318, -1.4311699866353502], "v": [0.0, 0.0, 0.0, 0.0, 0.0], "omega": [0.0, 0.0, 0.0, 0.0, 0.0]}