{"model_type": ["linear", "linear", "linear", "linear", "linear"], "x0": [6.0, -2.0, -6.0, -2.0, -10.0], "y0": [2.0, 2.0, -2.0, -10.0, -10.0], "yaw": [-2.600540585471551, 0.9075712110370514, 2.234021442552742, 2.8448866807507573, -0.5759586531581288], "v": [0.0, 0.0, 0.0, 0.0, 0.0], "omega": [0.0, 0.0, 0.0, 0.0, 0.0]}