{"model_type": ["linear", "linear", "linear", "linear", "linear", "linear", "linear", "linear", "linear", "linear", "linear"], "x0": [-68.0, 68.0, 17.0, -85.0, -34.0, -85.0, -51.0, 34.0, -17.0, -34.0, -68.0], "y0": [-68.0, 34.0, -34.0, 68.0, -17.0, -85.0, 68.0, -17.0, 85.0, 17.0, -17.0], "yaw": [0.2617993877991494, 0.6632251157578453, 1.0297442586766545, -0.6632251157578453, -0.08726646259971647, 2.7576202181510405, -3.0892327760299634, -1.2740903539558606, -0.4188790204786391, -2.9321531433504737, 2.199114857512855], "v": [0.0, 0.0, 0.0, 0.0, 0.0, 0.0, 0.0, 0.0, 0.0, 0.0, 0.0], "omega": [0.0, 0.0, 0.0, 0.0, 0.0, 0.0, 0.0, 0.0, 0.0, 0.0, 0.0]}