{"model_type": ["linear", "linear", "linear", "linear"], "x0": [35.0, 35.0, 11.666666666666664, -35.0], "y0": [35.0, -11.666666666666668, 35.0, -11.666666666666668], "yaw": [2.530727415391778, 2.7576202181510405, -0.8901179185171081, -2.6354471705114375], "v": [0.0, 0.0, 0.0, 0.0], "omega": [0.0, 0.0, 0.0, 0.0]}