{"model_type": ["linear", "linear", "linear", "linear", "linear"], "x0": [1.6666666666666679, -1.666666666666666, -15.0, 11.666666666666668, 15.0], "y0": [-11.666666666666666, 11.666666666666668, -8.333333333333332, -1.666666666666666, 8.333333333333336], "yaw": [2.199114857512855, 1.064650843716541, 0.06981317007977318, 1.9722220547535925, 2.3387411976724017], "v": [0.0, 0.0, 0.0, 0.0, 0.0], "omega": [0.0, 0.0, 0.0, 0.0, 0.0]}