{"model_type": ["linear", "linear", "linear", "linear", "linear"], "x0": [-10.0, 10.0, 10.0, -10.0, 2.0], "y0": [6.0, 2.0, 10.0, 2.0, 6.0], "yaw": [-1.361356816555577, -1.9373154697137058, 1.8325957145940461, -1.3788101090755203, -1.8849555921538759], "v": [0.0, 0.0, 0.0, 0.0, 0.0], "omega": [0.0, 0.0, 0.0, 0.0, 0.0]}