{"model_type": ["linear", "linear", "linear", "linear", "linear"], "x0": [-6.0, -10.0, -2.0, -10.0, 6.0], "y0": [6.0, 10.0, 10.0, 2.0, -10.0], "yaw": [0.3141592653589793, 0.24434609527920614, 0.3839724354387525, -1.5882496193148399, 0.4188790204786391], "v": [0.0, 0.0, 0.0, 0.0, 0.0], "omega": [0.0, 0.0, 0.0, 0.0, 0.0]}