{"model_type": ["linear", "linear", "linear", "linear", "linear", "linear", "linear", "linear"], "x0": [-8.57142857142857, -8.57142857142857, -60.0, 42.85714285714286, 42.85714285714286, -60.0, 25.714285714285708, 8.57142857142857], "y0": [60.0, 8.57142857142857, 60.0, 42.85714285714286, -60.0, 42.85714285714286, 25.714285714285708, -25.714285714285715], "yaw": [3.1066860685499065, 3.0543261909900767, -0.6806784082777885, -2.652900463031381, -1.9198621771937625, -2.321287905152458, -0.2792526803190927, 0.3141592653589793], "v": [0.0, 0.0, 0.0, 0.0, 0.0, 0.0, 0.0, 0.0], "omega": [0.0, 0.0, 0.0, 0.0, 0.0, 0.0, 0.0, 0.0]}