{"model_type": ["linear", "linear", "linear", "linear", "linear", "linear", "linear", "linear", "linear", "linear", "linear"], "x0": [68.0, 68.0, 34.0, 51.0, 68.0, 85.0, -34.0, -34.0, -51.0, -34.0, 85.0], "y0": [51.0, 0.0, -85.0, 34.0, -34.0, 0.0, 17.0, -17.0, -85.0, -85.0, 85.0], "yaw": [-0.3665191429188092, 3.07177948351002, 2.2863813201125716, 2.652900463031381, -0.06981317007977318, 1.064650843716541, -2.9670597283903604, 1.7453292519943295, -2.4609142453120048, 1.8151424220741028, -0.5934119456780721], "v": [0.0, 0.0, 0.0, 0.0, 0.0, 0.0, 0.0, 0.0, 0.0, 0.0, 0.0], "omega": [0.0, 0.0, 0.0, 0.0, 0.0, 0.0, 0.0, 0.0, 0.0, 0.0, 0.0]}