{"model_type": ["linear", "linear", "linear", "linear", "linear", "linear", "linear", "linear", "linear", "linear", "linear", "linear", "linear", "linear"], "x0": [-68.0, 17.0, 0.0, 51.0, 0.0, 17.0, -34.0, -68.0, 34.0, -51.0, 85.0, -34.0, 51.0, -68.0], "y0": [-51.0, 51.0, 68.0, -34.0, -85.0, 17.0, -34.0, 17.0, 51.0, 0.0, -17.0, 68.0, 85.0, -34.0], "yaw": [-0.017453292519943295, 2.8623399732707004, -0.47123889803846897, -2.129301687433082, -2.705260340591211, 2.478367537831948, 0.5061454830783556, -2.443460952792061, -0.9424777960769379, -0.22689280275926285, 2.059488517353309, 0.20943951023931956, 2.3387411976724017, -1.7627825445142729], "v": [0.0, 0.0, 0.0, 0.0, 0.0, 0.0, 0.0, 0.0, 0.0, 0.0, 0.0, 0.0, 0.0, 0.0], "omega": [0.0, 0.0, 0.0, 0.0, 0.0, 0.0, 0.0, 0.0, 0.0, 0.0, 0.0, 0.0, 0.0, 0.0]}