{"model_type": ["linear", "linear", "linear", "linear", "linear", "linear", "linear", "linear"], "x0": [-68.0, 68.0, 51.0, -68.0, 85.0, -51.0, 0.0, -34.0], "y0": [34.0, 17.0, -85.0, -68.0, 34.0, -51.0, -51.0, 85.0], "yaw": [2.530727415391778, -1.1868238913561442, -0.6457718232379019, -2.303834612632515, -0.4014257279586958, 1.2915436464758039, -0.9075712110370514, -0.17453292519943295], "v": [0.0, 0.0, 0.0, 0.0, 0.0, 0.0, 0.0, 0.0], "omega": [0.0, 0.0, 0.0, 0.0, 0.0, 0.0, 0.0, 0.0]}