{"model_type": ["linear", "linear", "linear", "linear", "linear", "linear", "linear", "linear", "linear", "linear"], "x0": [-51.0, 85.0, -51.0, -68.0, -51.0, -85.0, 51.0, -68.0, 51.0, -34.0], "y0": [0.0, -51.0, -68.0, 0.0, -17.0, -85.0, -68.0, 68.0, -17.0, 0.0], "yaw": [2.111848394913139, -1.9896753472735358, -0.17453292519943295, 0.7330382858376184, 2.2689280275926285, 0.08726646259971647, 2.443460952792061, -2.129301687433082, -1.0471975511965976, 2.059488517353309], "v": [0.0, 0.0, 0.0, 0.0, 0.0, 0.0, 0.0, 0.0, 0.0, 0.0], "omega": [0.0, 0.0, 0.0, 0.0, 0.0, 0.0, 0.0, 0.0, 0.0, 0.0]}