{"model_type": ["linear", "linear", "linear", "linear", "linear"], "x0": [-2.0, 10.0, -6.0, 2.0, 6.0], "y0": [6.0, 2.0, -6.0, -6.0, -6.0], "yaw": [-0.7155849933176751, -2.548180707911721, 0.8552113334772214, 1.3962634015954636, -0.5585053606381855], "v": [0.0, 0.0, 0.0, 0.0, 0.0], "omega": [0.0, 0.0, 0.0, 0.0, 0.0]}