{"model_type": ["linear", "linear", "linear"], "x0": [68.0, 0.0, 68.0], "y0": [-68.0, 17.0, 0.0], "yaw": [1.8325957145940461, 0.5061454830783556, -0.10471975511965978], "v": [0.0, 0.0, 0.0], "omega": [0.0, 0.0, 0.0]}