{"model_type": ["linear", "linear", "linear", "linear", "linear"], "x0": [-2.0, -6.0, -2.0, 6.0, -2.0], "y0": [-2.0, -10.0, -10.0, -10.0, 10.0], "yaw": [2.5830872929516078, -0.47123889803846897, -1.3089969389957472, 2.3387411976724017, -1.0122909661567112], "v": [0.0, 0.0, 0.0, 0.0, 0.0], "omega": [0.0, 0.0, 0.0, 0.0, 0.0]}