{"model_type": ["linear", "linear", "linear", "linear", "linear"], "x0": [-6.0, 6.0, -2.0, -2.0, 10.0], "y0": [-2.0, -10.0, -2.0, 2.0, -10.0], "yaw": [0.9599310885968813, 0.47123889803846897, -2.181661564992912, 0.20943951023931956, 0.13962634015954636], "v": [0.0, 0.0, 0.0, 0.0, 0.0], "omega": [0.0, 0.0, 0.0, 0.0, 0.0]}