{"model_type": ["linear", "linear", "linear", "linear", "linear"], "x0": [34.0, 85.0, 68.0, 51.0, 68.0], "y0": [34.0, 17.0, -51.0, 17.0, -68.0], "yaw": [-0.8028514559173916, 1.9722220547535925, -2.5132741228718345, -1.239183768915974, -1.8325957145940461], "v": [0.0, 0.0, 0.0, 0.0, 0.0], "omega": [0.0, 0.0, 0.0, 0.0, 0.0]}