{"model_type": ["linear", "linear", "linear", "linear"], "x0": [-35.0, -11.666666666666668, -11.666666666666668, 35.0], "y0": [35.0, 35.0, 11.666666666666664, -35.0], "yaw": [-2.8448866807507573, -0.6981317007977318, 2.181661564992912, 0.7853981633974483], "v": [0.0, 0.0, 0.0, 0.0], "omega": [0.0, 0.0, 0.0, 0.0]}