{"model_type": ["linear", "linear", "linear", "linear", "linear", "linear", "linear", "linear", "linear", "linear"], "x0": [-85.0, 51.0, 85.0, -68.0, -34.0, 34.0, 34.0, 0.0, 0.0, 68.0], "y0": [-51.0, -34.0, 68.0, 34.0, 17.0, 17.0, 0.0, 68.0, 0.0, 68.0], "yaw": [-0.33161255787892263, -0.8377580409572782, 2.897246558310587, 2.234021442552742, 0.12217304763960307, -1.8325957145940461, -1.53588974175501, -0.7330382858376184, 2.0943951023931953, 2.897246558310587], "v": [0.0, 0.0, 0.0, 0.0, 0.0, 0.0, 0.0, 0.0, 0.0, 0.0], "omega": [0.0, 0.0, 0.0, 0.0, 0.0, 0.0, 0.0, 0.0, 0.0, 0.0]}