{"model_type": ["linear", "linear", "linear", "linear"], "x0": [-11.666666666666668, -35.0, 35.0, 11.666666666666664], "y0": [11.666666666666664, 35.0, 11.666666666666664, 35.0], "yaw": [-1.4660765716752369, 2.6354471705114375, 2.722713633111154, 1.2217304763960306], "v": [0.0, 0.0, 0.0, 0.0], "omega": [0.0, 0.0, 0.0, 0.0]}