{"model_type": ["linear", "linear", "linear", "linear", "linear", "linear", "linear", "linear"], "x0": [85.0, -34.0, 0.0, -85.0, 85.0, -51.0, -51.0, -51.0], "y0": [-34.0, -68.0, 0.0, -85.0, 85.0, -17.0, -68.0, -34.0], "yaw": [-0.05235987755982989, -2.722713633111154, -0.6457718232379019, 2.548180707911721, 0.24434609527920614, 2.6878070480712677, -0.9773843811168246, 0.05235987755982989], "v": [0.0, 0.0, 0.0, 0.0, 0.0, 0.0, 0.0, 0.0], "omega": [0.0, 0.0, 0.0, 0.0, 0.0, 0.0, 0.0, 0.0]}