{"model_type": ["linear", "linear", "linear", "linear", "linear", "linear", "linear", "linear", "linear", "linear"], "x0": [-17.0, -34.0, -51.0, -85.0, 51.0, 68.0, 85.0, -68.0, 0.0, 0.0], "y0": [85.0, 51.0, 0.0, 51.0, -17.0, -51.0, -17.0, 17.0, -85.0, -34.0], "yaw": [-2.0420352248333655, -1.3788101090755203, 0.5235987755982988, 1.6231562043547265, 0.3490658503988659, -2.111848394913139, 2.007128639793479, -2.897246558310587, 3.12413936106985, 1.6057029118347832], "v": [0.0, 0.0, 0.0, 0.0, 0.0, 0.0, 0.0, 0.0, 0.0, 0.0], "omega": [0.0, 0.0, 0.0, 0.0, 0.0, 0.0, 0.0, 0.0, 0.0, 0.0]}