{"model_type": ["linear", "linear", "linear", "linear", "linear"], "x0": [-34.0, 17.0, -17.0, 0.0, 85.0], "y0": [85.0, 34.0, 17.0, 68.0, -51.0], "yaw": [-1.9373154697137058, 0.8028514559173916, 2.2863813201125716, -0.3490658503988659, 1.9198621771937625], "v": [0.0, 0.0, 0.0, 0.0, 0.0], "omega": [0.0, 0.0, 0.0, 0.0, 0.0]}