{"model_type": ["linear", "linear", "linear", "linear", "linear"], "x0": [-11.666666666666668, 35.0, 11.666666666666664, -11.666666666666668, 11.666666666666664], "y0": [35.0, 35.0, -35.0, -35.0, -11.666666666666668], "yaw": [-1.361356816555577, 0.8552113334772214, -2.2165681500327987, 1.9198621771937625, -1.1868238913561442], "v": [0.0, 0.0, 0.0, 0.0, 0.0], "omega": [0.0, 0.0, 0.0, 0.0, 0.0]}