{"model_type": ["linear", "linear", "linear", "linear", "linear", "linear", "linear", "linear"], "x0": [42.85714285714286, -8.57142857142857, -42.85714285714286, 60.0, -25.714285714285715, -8.57142857142857, 25.714285714285708, -60.0], "y0": [25.714285714285708, 42.85714285714286, -60.0, -25.714285714285715, -8.57142857142857, 25.714285714285708, 42.85714285714286, -42.85714285714286], "yaw": [1.4660765716752369, 0.12217304763960307, 0.7853981633974483, -2.3736477827122884, -3.141592653589793, -1.3788101090755203, 0.2617993877991494, 0.5061454830783556], "v": [0.0, 0.0, 0.0, 0.0, 0.0, 0.0, 0.0, 0.0], "omega": [0.0, 0.0, 0.0, 0.0, 0.0, 0.0, 0.0, 0.0]}