{"model_type": ["linear", "linear", "linear", "linear", "linear"], "x0": [-6.0, 10.0, 6.0, -10.0, -2.0], "y0": [-2.0, 2.0, 10.0, -10.0, 2.0], "yaw": [-1.3264502315156905, 3.12413936106985, -2.8797932657906435, -0.6981317007977318, -2.478367537831948], "v": [0.0, 0.0, 0.0, 0.0, 0.0], "omega": [0.0, 0.0, 0.0, 0.0, 0.0]}