{"model_type": ["linear", "linear", "linear", "linear", "linear", "linear", "linear", "linear", "linear", "linear"], "x0": [51.0, -34.0, -51.0, 68.0, -51.0, 34.0, 0.0, 85.0, 17.0, 51.0], "y0": [34.0, 51.0, 0.0, -85.0, 85.0, 17.0, -34.0, -34.0, 85.0, -17.0], "yaw": [-0.9948376736367679, -1.8849555921538759, 0.4014257279586958, 1.1693705988362009, 0.7853981633974483, -2.0943951023931953, 1.0297442586766545, 2.111848394913139, 0.5061454830783556, 3.1066860685499065], "v": [0.0, 0.0, 0.0, 0.0, 0.0, 0.0, 0.0, 0.0, 0.0, 0.0], "omega": [0.0, 0.0, 0.0, 0.0, 0.0, 0.0, 0.0, 0.0, 0.0, 0.0]}