{"model_type": ["linear", "linear", "linear", "linear", "linear"], "x0": [20.0, 0.0, 40.0, -40.0, 0.0], "y0": [-40.0, -40.0, 0.0, 40.0, 40.0], "yaw": [1.6580627893946132, 1.413716694115407, 2.0943951023931953, 0.22689280275926285, -2.827433388230814], "v": [0.0, 0.0, 0.0, 0.0, 0.0], "omega": [0.0, 0.0, 0.0, 0.0, 0.0]}