{"model_type": ["linear", "linear", "linear", "linear", "linear"], "x0": [10.0, 10.0, 10.0, 6.0, -10.0], "y0": [2.0, -2.0, 6.0, -6.0, 6.0], "yaw": [-1.239183768915974, -1.7627825445142729, -0.6283185307179586, -2.321287905152458, -0.19198621771937624], "v": [0.0, 0.0, 0.0, 0.0, 0.0], "omega": [0.0, 0.0, 0.0, 0.0, 0.0]}