{"model_type": ["linear", "linear", "linear", "linear", "linear", "linear", "linear", "linear", "linear", "linear"], "x0": [-34.0, 85.0, 17.0, 0.0, -34.0, -85.0, 68.0, 51.0, 68.0, 51.0], "y0": [-34.0, 17.0, -51.0, -85.0, -51.0, -51.0, 51.0, 17.0, -17.0, 68.0], "yaw": [0.6806784082777885, -0.5410520681182421, -0.4886921905584123, 2.705260340591211, -3.01941960595019, 2.8099800957108707, -0.8203047484373349, 2.9845130209103035, -2.3387411976724017, -1.6406094968746698], "v": [0.0, 0.0, 0.0, 0.0, 0.0, 0.0, 0.0, 0.0, 0.0, 0.0], "omega": [0.0, 0.0, 0.0, 0.0, 0.0, 0.0, 0.0, 0.0, 0.0, 0.0]}