{"model_type": ["linear", "linear", "linear", "linear", "linear", "linear", "linear", "linear", "linear", "linear", "linear", "linear", "linear", "linear"], "x0": [34.0, -17.0, 0.0, 68.0, -17.0, -34.0, 0.0, 0.0, 0.0, -68.0, -68.0, -17.0, 17.0, 85.0], "y0": [85.0, 51.0, -68.0, 85.0, 0.0, 34.0, 85.0, 0.0, 68.0, -34.0, 34.0, -68.0, 34.0, 34.0], "yaw": [-1.1519173063162575, -0.8203047484373349, 0.7504915783575618, -0.9424777960769379, -0.3839724354387525, -0.8901179185171081, 1.7453292519943295, -2.9670597283903604, 0.9599310885968813, 1.6057029118347832, 2.722713633111154, 1.4486232791552935, -2.5656340004316642, -0.6108652381980153], "v": [0.0, 0.0, 0.0, 0.0, 0.0, 0.0, 0.0, 0.0, 0.0, 0.0, 0.0, 0.0, 0.0, 0.0], "omega": [0.0, 0.0, 0.0, 0.0, 0.0, 0.0, 0.0, 0.0, 0.0, 0.0, 0.0, 0.0, 0.0, 0.0]}