{"model_type": ["linear", "linear", "linear", "linear", "linear"], "x0": [-6.0, -6.0, 10.0, 6.0, 10.0], "y0": [-10.0, 2.0, -2.0, 6.0, -6.0], "yaw": [0.6283185307179586, 2.722713633111154, 2.181661564992912, -1.7802358370342162, -2.2165681500327987], "v": [0.0, 0.0, 0.0, 0.0, 0.0], "omega": [0.0, 0.0, 0.0, 0.0, 0.0]}