{"model_type": ["linear", "linear", "linear", "linear", "linear", "linear", "linear", "linear", "linear", "linear"], "x0": [-85.0, -68.0, -34.0, 17.0, 68.0, -51.0, -68.0, -68.0, 34.0, 0.0], "y0": [-85.0, -68.0, 17.0, 51.0, -68.0, 0.0, 85.0, 34.0, -68.0, 17.0], "yaw": [-1.5184364492350666, -0.2617993877991494, 1.2042771838760873, -3.1066860685499065, -1.710422666954443, 0.8552113334772214, -2.4609142453120048, -2.2165681500327987, -2.3387411976724017, -2.2689280275926285], "v": [0.0, 0.0, 0.0, 0.0, 0.0, 0.0, 0.0, 0.0, 0.0, 0.0], "omega": [0.0, 0.0, 0.0, 0.0, 0.0, 0.0, 0.0, 0.0, 0.0, 0.0]}