{"model_type": ["linear", "linear", "linear", "linear", "linear"], "x0": [68.0, 68.0, -34.0, 51.0, -17.0], "y0": [17.0, 51.0, 68.0, 68.0, -51.0], "yaw": [0.47123889803846897, -1.8325957145940461, 2.356194490192345, -1.5882496193148399, 2.007128639793479], "v": [0.0, 0.0, 0.0, 0.0, 0.0], "omega": [0.0, 0.0, 0.0, 0.0, 0.0]}