{"model_type": ["linear", "linear", "linear", "linear", "linear"], "x0": [-10.0, -6.0, 2.0, -10.0, -10.0], "y0": [10.0, -2.0, -6.0, -10.0, 2.0], "yaw": [-2.652900463031381, 1.8849555921538759, -2.8099800957108707, -2.775073510670984, 1.413716694115407], "v": [0.0, 0.0, 0.0, 0.0, 0.0], "omega": [0.0, 0.0, 0.0, 0.0, 0.0]}