{"model_type": ["linear", "linear", "linear", "linear"], "x0": [3.333333333333334, 3.333333333333334, 3.333333333333334, -10.0], "y0": [10.0, -3.333333333333333, -10.0, 3.333333333333334], "yaw": [0.767944870877505, 2.6179938779914944, -0.13962634015954636, 0.6981317007977318], "v": [0.0, 0.0, 0.0, 0.0], "omega": [0.0, 0.0, 0.0, 0.0]}