{"model_type": ["linear", "linear", "linear", "linear", "linear", "linear", "linear", "linear", "linear", "linear", "linear", "linear", "linear", "linear"], "x0": [8.461538461538467, 25.384615384615387, 59.230769230769226, 93.0769230769231, 42.30769230769232, 25.384615384615387, -25.384615384615387, -76.15384615384616, -42.30769230769231, 93.0769230769231, -8.461538461538453, 42.30769230769232, -25.384615384615387, 76.15384615384616], "y0": [-76.15384615384616, -8.461538461538453, -8.461538461538453, 42.30769230769232, -76.15384615384616, -42.30769230769231, 59.230769230769226, 8.461538461538467, 76.15384615384616, 76.15384615384616, -8.461538461538453, 25.384615384615387, 110.0, -93.07692307692308], "yaw": [-2.600540585471551, -3.0543261909900767, -0.06981317007977318, -0.6457718232379019, -1.8849555921538759, 1.2740903539558606, -3.01941960595019, 2.5830872929516078, -0.6632251157578453, -1.6057029118347832, 0.12217304763960307, 1.9896753472735358, -1.9024088846738192, -2.792526803190927], "v": [0.0, 0.0, 0.0, 0.0, 0.0, 0.0, 0.0, 0.0, 0.0, 0.0, 0.0, 0.0, 0.0, 0.0], "omega": [0.0, 0.0, 0.0, 0.0, 0.0, 0.0, 0.0, 0.0, 0.0, 0.0, 0.0, 0.0, 0.0, 0.0]}