{"model_type": ["linear", "linear", "linear", "linear", "linear", "linear", "linear", "linear", "linear", "linear"], "x0": [-51.0, -51.0, 0.0, 17.0, 85.0, 68.0, 51.0, -85.0, -85.0, 68.0], "y0": [-34.0, -68.0, -68.0, 34.0, 0.0, 34.0, 68.0, 51.0, -85.0, 51.0], "yaw": [2.426007660272118, -1.1693705988362009, 2.8623399732707004, -2.949606435870417, -0.3839724354387525, -2.059488517353309, 2.9321531433504737, -2.478367537831948, -2.0943951023931953, -0.05235987755982989], "v": [0.0, 0.0, 0.0, 0.0, 0.0, 0.0, 0.0, 0.0, 0.0, 0.0], "omega": [0.0, 0.0, 0.0, 0.0, 0.0, 0.0, 0.0, 0.0, 0.0, 0.0]}