{"model_type": ["linear", "linear", "linear", "linear", "linear", "linear", "linear", "linear", "linear", "linear"], "x0": [-34.0, 51.0, 34.0, -51.0, 0.0, 17.0, 51.0, -68.0, 68.0, -51.0], "y0": [51.0, 85.0, -34.0, -51.0, 68.0, -17.0, 51.0, 85.0, -34.0, 17.0], "yaw": [-1.3962634015954636, -1.9373154697137058, 2.775073510670984, 0.12217304763960307, 1.53588974175501, 1.7453292519943295, 0.3141592653589793, -1.6755160819145565, -1.3439035240356338, -0.33161255787892263], "v": [0.0, 0.0, 0.0, 0.0, 0.0, 0.0, 0.0, 0.0, 0.0, 0.0], "omega": [0.0, 0.0, 0.0, 0.0, 0.0, 0.0, 0.0, 0.0, 0.0, 0.0]}