{"model_type": ["linear", "linear", "linear", "linear", "linear"], "x0": [-10.0, -10.0, -2.0, -6.0, 10.0], "y0": [-10.0, -6.0, 6.0, 10.0, -2.0], "yaw": [-2.7576202181510405, 2.792526803190927, 0.5061454830783556, 2.129301687433082, 1.413716694115407], "v": [0.0, 0.0, 0.0, 0.0, 0.0], "omega": [0.0, 0.0, 0.0, 0.0, 0.0]}