{"model_type": ["linear", "linear", "linear", "linear"], "x0": [3.333333333333334, 3.333333333333334, 10.0, 10.0], "y0": [-3.333333333333333, 3.333333333333334, -10.0, 10.0], "yaw": [-0.20943951023931956, 1.8675022996339325, -1.7453292519943295, -1.064650843716541], "v": [0.0, 0.0, 0.0, 0.0], "omega": [0.0, 0.0, 0.0, 0.0]}