{"model_type": ["linear", "linear", "linear", "linear", "linear", "linear", "linear", "linear"], "x0": [-25.714285714285715, -42.85714285714286, -60.0, -25.714285714285715, -8.57142857142857, 8.57142857142857, 8.57142857142857, -42.85714285714286], "y0": [-8.57142857142857, 8.57142857142857, 60.0, 8.57142857142857, 42.85714285714286, -42.85714285714286, -25.714285714285715, -42.85714285714286], "yaw": [2.897246558310587, 2.2863813201125716, -2.3911010752322315, 0.4537856055185257, -2.775073510670984, 0.22689280275926285, 1.9024088846738192, -0.8552113334772214], "v": [0.0, 0.0, 0.0, 0.0, 0.0, 0.0, 0.0, 0.0], "omega": [0.0, 0.0, 0.0, 0.0, 0.0, 0.0, 0.0, 0.0]}