{"model_type": ["linear", "linear", "linear", "linear", "linear"], "x0": [-2.0, -2.0, -6.0, -10.0, 10.0], "y0": [6.0, -10.0, -10.0, -10.0, -6.0], "yaw": [1.6755160819145565, 0.8028514559173916, -0.7853981633974483, 2.6354471705114375, -3.036872898470133], "v": [0.0, 0.0, 0.0, 0.0, 0.0], "omega": [0.0, 0.0, 0.0, 0.0, 0.0]}