{"model_type": ["linear", "linear", "linear", "linear", "linear", "linear", "linear", "linear"], "x0": [34.0, 85.0, 17.0, -51.0, -34.0, -51.0, 68.0, -68.0], "y0": [-34.0, -17.0, 34.0, 0.0, 34.0, 85.0, -68.0, 51.0], "yaw": [0.7504915783575618, -0.22689280275926285, 2.111848394913139, -0.3490658503988659, 2.91469985083053, 1.8151424220741028, 2.007128639793479, 0.2617993877991494], "v": [0.0, 0.0, 0.0, 0.0, 0.0, 0.0, 0.0, 0.0], "omega": [0.0, 0.0, 0.0, 0.0, 0.0, 0.0, 0.0, 0.0]}