{"model_type": ["linear", "linear", "linear", "linear", "linear", "linear", "linear", "linear"], "x0": [-11.666666666666668, -11.666666666666668, -35.0, 35.0, 11.666666666666664, -35.0, 35.0, 11.666666666666664], "y0": [-35.0, -11.666666666666668, 11.666666666666664, -35.0, 35.0, -35.0, 35.0, -11.666666666666668], "yaw": [-1.6406094968746698, -2.181661564992912, 1.9373154697137058, 0.4363323129985824, 0.15707963267948966, -0.03490658503988659, 2.7401669256310974, -2.8099800957108707], "v": [0.0, 0.0, 0.0, 0.0, 0.0, 0.0, 0.0, 0.0], "omega": [0.0, 0.0, 0.0, 0.0, 0.0, 0.0, 0.0, 0.0]}