{"model_type": ["linear", "linear", "linear", "linear", "linear", "linear", "linear", "linear"], "x0": [42.85714285714286, -42.85714285714286, -60.0, 60.0, 42.85714285714286, -60.0, 42.85714285714286, 8.57142857142857], "y0": [42.85714285714286, 25.714285714285708, 25.714285714285708, -42.85714285714286, -8.57142857142857, -60.0, 8.57142857142857, 8.57142857142857], "yaw": [1.4311699866353502, 2.949606435870417, -1.3788101090755203, -0.4363323129985824, 0.5585053606381855, 0.6806784082777885, -1.2566370614359172, -0.5061454830783556], "v": [0.0, 0.0, 0.0, 0.0, 0.0, 0.0, 0.0, 0.0], "omega": [0.0, 0.0, 0.0, 0.0, 0.0, 0.0, 0.0, 0.0]}