{"model_type": ["linear", "linear", "linear", "linear", "linear"], "x0": [6.0, -2.0, 10.0, -10.0, 10.0], "y0": [-6.0, -2.0, -2.0, 6.0, -10.0], "yaw": [2.199114857512855, 0.6981317007977318, 2.792526803190927, 0.15707963267948966, 1.1519173063162575], "v": [0.0, 0.0, 0.0, 0.0, 0.0], "omega": [0.0, 0.0, 0.0, 0.0, 0.0]}